Stiffness_N_m,Damping_Ns_m,RMS_Acceleration_m_s2,Max_Suspension_Travel_m,Max_Tire_Deflection_m,Max_Dynamic_Tire_Force_N
10000,500,1.10581038946013,0.103839692736015,0.0173033434855762,3287.63526225948
11000,500,1.1965525300928,0.0994701973749715,0.0171627166682395,3260.91616696551
12000,500,1.29339267446845,0.0971340093878108,0.0170815337725192,3245.49141677865
13000,500,1.40591157788942,0.096214717838154,0.0170943645621245,3247.92926680365
14000,500,1.53132995498035,0.0953061110760043,0.0171225159749674,3253.2780352438
15000,500,1.65651997910757,0.0944243461686775,0.0171506105286314,3258.61600043997
16000,500,1.7695748578739,0.0935522015352595,0.0171786483302026,3263.94318273849
17000,500,1.86855158455599,0.0926895781672098,0.0172066294865841,3269.25960245099
18000,500,1.96302275413201,0.0918454773264912,0.0172345541044969,3274.56527985441
19000,500,2.06750145558908,0.0910176074674383,0.0172624222904796,3279.86023519112
20000,500,2.19069404898428,0.0943100715282859,0.0173306020785509,3292.81439492467
21000,500,2.32968811599683,0.0979161777237508,0.017960117659075,3412.42235522425
22000,500,2.47355878204733,0.0989319954908634,0.0183836762745718,3492.89849216865
23000,500,2.61243827012272,0.0977654136565927,0.0187772771426443,3567.68265710241
24000,500,2.74492102009621,0.0956157510953981,0.0194581130147114,3697.04147279517
25000,500,2.87954345949639,0.0937565371710223,0.0200078058541855,3801.48311229525
10000,750,1.19046215943226,0.0971671008034082,0.0178318110175267,3388.04409333007
11000,750,1.26053062748408,0.0949044492149618,0.0177895274708258,3380.01021945691
12000,750,1.33523884139357,0.0928721462033712,0.0177515418280955,3372.79294733814
13000,750,1.41547010556843,0.0920290367058654,0.0177805164224252,3378.29812026078
14000,750,1.5006302297608,0.0911950492037656,0.0178094310066674,3383.79189126681
15000,750,1.58852582425028,0.0903800049021555,0.0178382856972782,3389.27428248287
16000,750,1.67689869040434,0.089579082856101,0.0178670806105083,3394.74531599658
17000,750,1.76508194273747,0.0887866772102758,0.0178984521760202,3400.70591344384
18000,750,1.85446336950972,0.0880034658287246,0.0179299209449428,3406.68497953913
19000,750,1.94749287024912,0.0872422229296751,0.0179613219224669,3412.6511652687
20000,750,2.04604667318408,0.0878598536936396,0.0180316532525456,3426.01411798366
21000,750,2.1504082899394,0.0891090629644901,0.0183120684011825,3479.29299622468
22000,750,2.25954532382492,0.0896883669472921,0.0185490178654379,3524.3133944332
23000,750,2.37231205500897,0.0895599113228891,0.0187201602906149,3556.83045521682
24000,750,2.48861088235025,0.0889221588908905,0.0188319008898901,3578.06116907911
25000,750,2.60973062683513,0.0894140547114805,0.0189073108775863,3592.38906674139
10000,1000,1.35540236916131,0.091897180632902,0.0184466568616119,3504.86480370627
11000,1000,1.40805763356675,0.0905018547777956,0.018442509839307,3504.07686946832
12000,1000,1.46482053905204,0.089038672928418,0.0184499981511976,3505.49964872754
13000,1000,1.52558622283936,0.0882610206792494,0.0184824673068536,3511.66878830219
14000,1000,1.59007356062224,0.0874915581883435,0.0185148649514857,3517.82434078229
15000,1000,1.65776511222769,0.0867387584188649,0.0185471912334066,3523.96633434725
16000,1000,1.72812034033016,0.0859991149706293,0.0185794463006487,3530.09479712326
17000,1000,1.80086949850951,0.0852671292231647,0.0186116303009651,3536.20975718338
18000,1000,1.87614504019776,0.0845427240268732,0.0186437433818295,3542.31124254761
19000,1000,1.95436147649597,0.0838376359487114,0.018675785690437,3548.39928118304
20000,1000,2.03595096404178,0.0836892061734625,0.0187509051593503,3562.67198027656
21000,1000,2.12115059494013,0.083959814021834,0.0189022516069595,3591.42780532231
22000,1000,2.20996972969455,0.0843768583619255,0.0190431827288427,3618.20471848012
23000,1000,2.30231618653809,0.0854786258907458,0.0191620054817781,3640.78104153784
24000,1000,2.39815085154179,0.0865248670119286,0.0192539337169385,3658.24740621831
25000,1000,2.4975377637741,0.0875154914344519,0.019319081194699,3670.62542699281
10000,1250,1.55463076237316,0.0876384020527896,0.0191233137574323,3633.42961391214
11000,1250,1.59556081130478,0.086653568829316,0.0191387081833322,3636.35455483312
12000,1250,1.63998819992619,0.0855610243257842,0.019163431647835,3641.05201308865
13000,1250,1.68778532112038,0.084834244687874,0.0191964915204762,3647.33338889047
14000,1250,1.73880300858502,0.0841206546292551,0.0192294770081471,3653.60063154795
15000,1250,1.79285905117995,0.0834269776517435,0.0192624497532498,3659.86545311746
16000,1250,1.84977113500478,0.082740452166633,0.0192981745160532,3666.65315805012
17000,1250,1.90941154454295,0.0820608472043048,0.0193338159082095,3673.42502255981
18000,1250,1.97174143583263,0.0813901926019714,0.0193693741139558,3680.1810816516
19000,1250,2.03680047375728,0.0807361678053474,0.0194048493171573,3686.92137025988
20000,1250,2.10466124341009,0.0810789484906604,0.0194755581918085,3700.35605644361
21000,1250,2.17537887618653,0.0821658433847659,0.0195679954100106,3717.91912790201
22000,1250,2.24896218536388,0.0831990850800127,0.0196570620230835,3734.84178438587
23000,1250,2.32537138268131,0.0841804656289539,0.0197365860142842,3749.951342714
24000,1250,2.40452738924954,0.0851159272891608,0.0198022420673408,3762.42599279475
25000,1250,2.48631219349385,0.0860040551694441,0.0198531487273687,3772.09825820005
10000,1500,1.76862822035854,0.0840218403354855,0.019821589378831,3766.1019819779
11000,1500,1.80165383530559,0.0832425741699437,0.0198489226341976,3771.29530049755
12000,1500,1.83760571783492,0.0824002604407428,0.0198826523065055,3777.70393823604
13000,1500,1.87641247055529,0.0816900916616362,0.0199190901071407,3784.62712035672
14000,1500,1.91799721757038,0.0810345646394574,0.0199554412688681,3791.53384108494
15000,1500,1.96227740763166,0.0803880709247609,0.0199917059878117,3798.42413768422
16000,1500,2.00917134134263,0.0797479240647805,0.0200278844596886,3805.29804734083
17000,1500,2.05860930411344,0.0791140618711514,0.0200639768798099,3812.15560716388
18000,1500,2.11054205539755,0.0784962612601812,0.0200999834430815,3818.99685418549
19000,1500,2.16494074208123,0.0793069865034017,0.020135904344005,3825.82182536095
20000,1500,2.22178784901819,0.0803252042658367,0.0201978576948737,3837.592962026
21000,1500,2.28106369085167,0.081295345781194,0.0202647699978685,3850.30629959501
22000,1500,2.34273398181405,0.0822189592557773,0.0203299940800758,3862.69887521441
23000,1500,2.40674147084421,0.0830975447342796,0.0203903250960307,3874.16176824583
24000,1500,2.47300113299955,0.0839325556489307,0.020443141326844,3884.19685210036
25000,1500,2.54139657145289,0.0847254003168327,0.0204865632586532,3892.4470191441
10000,1750,1.98832025695009,0.080825504649036,0.0205375438700986,3902.13333531874
11000,1750,2.01580867819783,0.0801558913434866,0.0205704886682801,3908.39284697323
12000,1750,2.04574869231284,0.0794538887366295,0.0206060991728123,3915.15884283434
13000,1750,2.07810605957495,0.0787942465683416,0.0206429344155929,3922.15753896265
14000,1750,2.11284212499006,0.078183240581034,0.0206796805081178,3929.13929654239
15000,1750,2.14991507568244,0.0775780804653055,0.0207163376569809,3936.10415482638
16000,1750,2.18928186213542,0.0769788868828899,0.0207552911421296,3943.50531700462
17000,1750,2.23090076976338,0.0767986029896009,0.0207946654726888,3950.98643981088
18000,1750,2.27473342826806,0.0777769364162675,0.0208339411905411,3958.44882620281
19000,1750,2.32074489979205,0.0787311507886105,0.0208742883210944,3966.11478100793
20000,1750,2.36890135708333,0.0796420799885212,0.0209264985354144,3976.03472172873
21000,1750,2.41916597092376,0.0805110696853693,0.0209794324069995,3986.0921573299
22000,1750,2.47149422452906,0.0813394250486744,0.0210314049859519,3995.96694733087
23000,1750,2.52582975157933,0.082128412002074,0.0210807587974782,4005.34417152087
24000,1750,2.58210126342048,0.0828792584372706,0.0211265625296668,4014.04688063668
25000,1750,2.64022066355443,0.0835931553892385,0.0211694877326712,4022.20266920753
10000,2000,2.20917710517267,0.0779251580170627,0.0228021021715085,4332.39941258662
11000,2000,2.23262421602764,0.0773273880108673,0.0227043566626659,4313.82776590653
12000,2000,2.2581438666088,0.0767175499303445,0.0226244346055658,4298.6425750575
13000,2000,2.28572123460643,0.0761049877903462,0.0225614095291913,4286.66781054634
14000,2000,2.31533737327472,0.0755310453659466,0.0225148350060012,4277.81865114023
15000,2000,2.34697016918921,0.0749681625171001,0.0224844090628059,4272.03772193311
16000,2000,2.38059514746956,0.0755325832989484,0.0224700471705949,4269.30896241303
17000,2000,2.41618619586919,0.0764404882671477,0.0224731117282443,4269.89122836642
18000,2000,2.45371602762514,0.0773162776315975,0.022495574583942,4274.15917094897
19000,2000,2.49315610184175,0.0781705779579444,0.0225350741763546,4281.66409350738
20000,2000,2.53447584541876,0.0789865536692862,0.0225913750602957,4292.36126145619
21000,2000,2.57764126772417,0.0797653639528807,0.0226641962556123,4306.19728856633
22000,2000,2.622613266961,0.0805081341512879,0.0227532136043425,4323.11058482507
23000,2000,2.6693459999433,0.0812159567735309,0.0228580621806435,4343.03181432226
24000,2000,2.71778563419442,0.0818898924752881,0.0229783387379346,4365.88436020757
25000,2000,2.76786969646933,0.0825330249330465,0.0231136041779859,4391.58479381733
10000,2250,2.42881298183247,0.0752666474972745,0.0254234417258925,4830.45392791957
11000,2250,2.44920198796823,0.0747154765132316,0.025346493279208,4815.83372304953
12000,2250,2.47136323425806,0.0741581296542258,0.0252867505992004,4804.48261384808
13000,2250,2.49529147767208,0.0736019613628287,0.0252404628725936,4795.68794579278
14000,2250,2.52097792626299,0.0734048459469473,0.0252074632539534,4789.41801825114
15000,2250,2.548410814314,0.0743238080818589,0.0251876248489141,4785.64872129368
16000,2250,2.5775758144338,0.0751972318743919,0.0251826853361016,4784.7102138593
17000,2250,2.60845631267446,0.0760266807201756,0.0251921908918446,4786.51626945048
18000,2250,2.64103353188152,0.0768168897994614,0.0252163458622526,4791.10571382799
19000,2250,2.67528645986563,0.0775846016664411,0.0252539672126583,4798.25377040507
20000,2250,2.71119155562565,0.0783181954005447,0.0253049086463007,4807.93264279714
21000,2250,2.74872226201419,0.0790212764112298,0.0253703968372344,4820.37539907454
22000,2250,2.78784841535187,0.0796927395998418,0.0254499345062259,4835.48755618292
23000,2250,2.8285356817989,0.0803332843144689,0.0255421606619955,4853.01052577914
24000,2250,2.87074515544997,0.0809438185837328,0.0256467982087943,4872.89165967091
25000,2250,2.91443323103885,0.0815252248692589,0.0257635351927532,4895.0716866231
10000,2500,2.64592989495431,0.0727954036503106,0.0279367768554393,5307.98760253347
11000,2500,2.66393344137162,0.0722828847682504,0.0278789952126026,5297.0090903945
12000,2500,2.68347011330219,0.0717720892049937,0.0278337384493819,5288.41030538256
13000,2500,2.70453928152493,0.0723227416592,0.0277987460150503,5281.76174285955
14000,2500,2.72713742926999,0.073186806747189,0.0277786892757127,5277.95096238541
15000,2500,2.75125848195061,0.0740142046379502,0.0277692838836115,5276.16393788618
16000,2500,2.77689404144843,0.0748056263671079,0.0277699103555331,5276.28296755128
17000,2500,2.8040335299846,0.0755608701595303,0.0277854746033975,5279.24017464552
18000,2500,2.83266424877252,0.0762813948448195,0.0278120359674047,5284.2868338069
19000,2500,2.86277135323917,0.0769738894764362,0.0278487681208684,5291.265942965
20000,2500,2.89433775001764,0.0776384090810868,0.0279000320842331,5301.00609600428
21000,2500,2.92734393379832,0.0782735426378819,0.0279616373828425,5312.71110274007
22000,2500,2.96176779941835,0.0788801287279048,0.0280330362817957,5326.27689354119
23000,2500,2.99758447845956,0.0794589829932074,0.028118023056892,5342.42438080947
24000,2500,3.03476625458357,0.080010898773727,0.0282133094288258,5360.52879147689
25000,2500,3.07328260667324,0.0805366477262185,0.0283179137710516,5380.4036164998
10000,2750,2.85981696072544,0.0704989133329141,0.0303491260400929,5766.33394761765
11000,2750,2.87591208373652,0.0704664722284252,0.030305204177794,5757.98879378085
12000,2750,2.89334797399281,0.0713088626802588,0.0302713159238566,5751.55002553276
13000,2750,2.91212614985146,0.0721181706453963,0.0302495527589812,5747.41502420643
14000,2750,2.93224584397139,0.0728964201023998,0.0302358349460545,5744.80863975036
15000,2750,2.95370419411226,0.0736442686558474,0.0302357836353951,5744.79889072508
16000,2750,2.97649638544921,0.0743607746096703,0.0302427759939693,5746.12743885417
17000,2750,3.00061574321161,0.0750463541569751,0.0302627770087291,5749.92763165854
18000,2750,3.02605377975948,0.0757018138992093,0.0302913792913855,5755.36206536324
19000,2750,3.05280020249254,0.0763286866654189,0.0303305022817839,5762.79543353894
20000,2750,3.08084289107863,0.0769306343679656,0.0303803930152595,5772.27467289931
21000,2750,3.11016785604214,0.0775061500499351,0.0304378857856715,5783.19829927758
22000,2750,3.14075919540327,0.0780559686946143,0.0305085386840433,5796.62234996823
23000,2750,3.17259907008137,0.0785808057672068,0.03058588917614,5811.31894346659
24000,2750,3.20566772034384,0.0790813577390866,0.0306747485855208,5828.20223124896
25000,2750,3.23994354370852,0.07955830259777,0.0307720830367015,5846.69577697328
10000,3000,3.07009642423215,0.0695359544630166,0.0326630053211807,6205.97101102433
11000,3000,3.08463214606335,0.0703292303251752,0.0326317412881965,6200.03084475733
12000,3000,3.10035201405153,0.0710927066187517,0.0326073603597586,6195.39846835413
13000,3000,3.11725846369505,0.0718264788824792,0.0325951245285565,6193.07366042573
14000,3000,3.13535214059705,0.0725313448106397,0.0325890438682257,6191.91833496288
15000,3000,3.15463201385901,0.0732086311791979,0.0325953972564907,6193.12547873323
16000,3000,3.17509546660347,0.0738587582071079,0.0326073228785194,6195.39134691869
17000,3000,3.19673836118007,0.0744818136714895,0.0326317166519873,6200.02616387759
18000,3000,3.21955508079801,0.0750783612421641,0.0326614484058901,6205.67519711913
19000,3000,3.24353855189934,0.0756491346090935,0.0327036249954577,6213.68874913696
20000,3000,3.26868025323521,0.0761956476518897,0.0327510215874309,6222.69410161188
21000,3000,3.29497021897304,0.0767188392254122,0.0328104493363907,6233.98537391424
22000,3000,3.32239704444747,0.0772188073864348,0.0328750594736909,6246.26130000127
23000,3000,3.35094790410787,0.0776961825216736,0.0329512622529884,6260.7398280678
24000,3000,3.38060859134133,0.0781515787622591,0.033032642827823,6276.20213728636
25000,3000,3.41136358878768,0.0785882200498969,0.0331251310039547,6293.7748907514
10000,3250,3.27658700008297,0.0693732297351347,0.0348860972062866,6628.35846919446
11000,3250,3.28982561704338,0.0700952920691155,0.0348625661499888,6623.88756849788
12000,3250,3.30411927993273,0.0707893184744105,0.0348483587255166,6621.18815784816
13000,3250,3.31947072499155,0.0714567596888791,0.0348426300026872,6620.09970051057
14000,3250,3.33588128875579,0.0720981793873524,0.0348431262213253,6620.1939820518
15000,3250,3.35335097739949,0.072714207601509,0.0348548368628086,6622.41900393364
16000,3250,3.37187852615832,0.0733057177524006,0.0348706678929692,6625.42689966416
17000,3250,3.39146144650207,0.0738732346525892,0.0348986252394131,6630.73879548849
18000,3250,3.41209606140894,0.0744171234461342,0.0349312236877997,6636.93250068195
19000,3250,3.43377753096321,0.0749379404191992,0.0349734251688442,6644.9507820804
20000,3250,3.45649987169217,0.0754363111984549,0.0350224892990746,6654.27296682417
21000,3250,3.48025597379514,0.0759133168770038,0.0350786965579285,6664.95234600642
22000,3250,3.50503762084441,0.0763693515840274,0.0351437787370346,6677.31796003658
23000,3250,3.53083551667775,0.0768048794088266,0.0352136526667283,6690.59400667838
24000,3250,3.55763932397937,0.0772232983355536,0.0352943290745089,6705.92252415669
25000,3250,3.58543771837054,0.0776232225588874,0.0353782195510741,6721.86171470408
10000,3500,3.4792265484988,0.0691198108711074,0.0370200026456591,7033.80050267524
11000,3500,3.49136978764865,0.0697779922049088,0.0370038192849465,7030.72566413984
12000,3500,3.50446039462382,0.0704113621655422,0.0369972671008843,7029.48074916802
13000,3500,3.51850110064847,0.0710204846097151,0.0369978025545285,7029.58248536041
14000,3500,3.53349353811422,0.0716059080267536,0.037002693087942,7030.51168670898
15000,3500,3.54943828403839,0.0721683992538041,0.037019579357724,7033.72007796756
16000,3500,3.56633489989244,0.0727084769372776,0.0370402734202493,7037.65194984737
17000,3500,3.58418196588774,0.0732267721232524,0.0370687197915783,7043.05676039988
18000,3500,3.60297710944076,0.0737238416180589,0.0371052123245803,7049.99034167026
19000,3500,3.62271702876088,0.0742001090263675,0.0371452179836099,7057.59141688588
20000,3500,3.64339751332004,0.0746560801572302,0.0371966488702848,7067.36328535412
21000,3500,3.66501346344003,0.0750922854231457,0.0372519502473909,7077.87054700427
22000,3500,3.68755891144322,0.075509460507621,0.0373140364978591,7089.66693459323
23000,3500,3.71102704680491,0.0759096777960306,0.0373842495231887,7103.00740940586
24000,3500,3.73541024753488,0.0762936492584575,0.0374575342587103,7116.93150915496
25000,3500,3.7607001196016,0.0766600293987725,0.0375414423837763,7132.87405291751
10000,3750,3.67802643488601,0.0687889376315266,0.0390695305378505,7423.2108021916
11000,3750,3.68923258082182,0.0693909248492606,0.039060314223489,7421.45970246292
12000,3750,3.70129529167967,0.0699703612045273,0.0390588571524807,7421.18285897133
13000,3750,3.71421714804758,0.0705278078610751,0.0390653272259537,7422.41217293119
14000,3750,3.72799986202496,0.0710638398828899,0.0390754820319917,7424.34158607843
15000,3750,3.74264430499678,0.0715789165094983,0.0390941233405371,7427.88343470205
16000,3750,3.75815053469811,0.0720736235482861,0.0391194939135659,7432.70384357751
17000,3750,3.7745178200932,0.0725484615883334,0.039148286847599,7438.17450104382
18000,3750,3.79174466357144,0.0730039288487858,0.0391865876497541,7445.45165345327
19000,3750,3.80982882073758,0.073440538438138,0.0392301044141315,7453.71983868498
20000,3750,3.82876731861731,0.0738587093772124,0.0392767887762429,7462.58986748614
21000,3750,3.84855647342871,0.0742588907601447,0.0393342325820336,7473.50419058639
22000,3750,3.86919190921583,0.0746415395200408,0.0393951686909136,7485.08205127358
23000,3750,3.89066857863653,0.0750102113773873,0.0394601543659456,7497.42932952967
24000,3750,3.9129807870667,0.0753628849151294,0.0395350051250166,7511.65097375316
25000,3750,3.93612222094575,0.075699465155621,0.0396126214128903,7526.39806844916
10000,4000,3.873043630864,0.0683928561596491,0.0410385643347359,7797.32722359983
11000,4000,3.88343907306489,0.0689449917257419,0.0410359129736643,7796.82346499621
12000,4000,3.89461373266062,0.0694766045934291,0.04103691807439,7797.0144341341
13000,4000,3.90656997755505,0.0699881933217356,0.0410490280452558,7799.31532859859
14000,4000,3.9193094835488,0.0704802449657597,0.041064527016054,7802.26013305027
15000,4000,3.93283325237048,0.0709532353420518,0.041083341874757,7805.83495620383
16000,4000,3.94714163024928,0.0714076369964908,0.0411120142363474,7811.282704906
17000,4000,3.96223432593191,0.0718438809143215,0.0411450233280879,7817.55443233671
18000,4000,3.97811042762458,0.0722624338539222,0.0411811137858246,7824.41161930668
19000,4000,3.99476841882687,0.0726637215020546,0.041225835068105,7832.90866293995
20000,4000,4.0122061933851,0.0730481763791164,0.0412756783304511,7842.37888278571
21000,4000,4.03042107032439,0.0734162025662215,0.0413283798202924,7852.39216585555
22000,4000,4.04940980913424,0.0737681932146447,0.0413886679855315,7863.84691725098
23000,4000,4.06916862619945,0.0741079681931582,0.0414546856061573,7876.39026516988
24000,4000,4.08969321300506,0.0744327523899419,0.0415233474053431,7889.43600701519
25000,4000,4.11097875661717,0.074742772826405,0.0415986285801558,7903.7394302296
10000,4250,4.06436316977822,0.0679422315744687,0.0429302133966165,8156.74054535714
11000,4250,4.07405039220714,0.0684499835285088,0.0429337319189872,8157.40906460757
12000,4250,4.08445033976485,0.0689390032031164,0.0429405076999122,8158.69646298332
13000,4250,4.09556514922087,0.0694097350662672,0.0429519940297217,8160.87886564713
14000,4250,4.10739640090337,0.0698626136006859,0.0429725559436978,8164.78562930258
15000,4250,4.11994513056425,0.0702980635277344,0.042996176379084,8169.27351202596
16000,4250,4.13321184222796,0.0707165000262641,0.0430227901210874,8174.33012300661
17000,4250,4.14719652123286,0.0711183289465516,0.0430579138344204,8181.00362853988
18000,4250,4.1618986470072,0.0715039485960755,0.0430977976273028,8188.58154918754
19000,4250,4.17731720542408,0.0718737420606667,0.0431404665589157,8196.68864619399
20000,4250,4.19345070081811,0.0722280931708736,0.0431882704619083,8205.77138776259
21000,4250,4.21029716791022,0.0725673712002043,0.0432438106038543,8216.32401473232
22000,4250,4.22785418397987,0.0728919411036297,0.0433019344206889,8227.36753993088
23000,4250,4.24611888165324,0.0732052408393414,0.0433625841342771,8238.89098551265
24000,4250,4.26508796265434,0.0735050917616797,0.0434325576252679,8252.1859488009
25000,4250,4.28475771280367,0.0737913643330288,0.0435055411759803,8266.05282343626
10000,4500,4.25208686581987,0.0674463080655788,0.0447482698158168,8502.1712650052
11000,4500,4.26115010337621,0.0679144106105803,0.0447562744015198,8503.69213628876
12000,4500,4.27086842906016,0.0683653676621865,0.0447685870106296,8506.03153201962
13000,4500,4.28124375233376,0.06879957675402,0.0447838485259679,8508.9312199339
14000,4500,4.29227753126364,0.069217426719099,0.0448020956532414,8512.39817411587
15000,4500,4.30397078042932,0.0696192978795961,0.0448302633071979,8517.75002836759
16000,4500,4.31632407988235,0.0700055622324504,0.0448611976332604,8523.62755031947
17000,4500,4.32933758460056,0.0703765836309223,0.0448948403142581,8530.01965970904
18000,4500,4.34301103406708,0.0707327179621815,0.044932975547551,8537.26535403468
19000,4500,4.35734376178829,0.0710743133210125,0.0449790524720615,8546.01996969169
20000,4500,4.3723347047215,0.0714017101797241,0.0450276508924966,8555.25366957436
21000,4500,4.38798241269873,0.0717152415549404,0.0450787150323424,8564.95585614506
22000,4500,4.40428505800495,0.0720152331671729,0.045135981281723,8575.83644352737
23000,4500,4.42124044530318,0.072304193493084,0.0451989903428582,8587.80816514305
24000,4500,4.43884602209777,0.0725816935534341,0.0452642860661245,8600.21435256366
25000,4500,4.4570988899013,0.0728466706315258,0.0453318170424063,8613.0452380572
10000,4750,4.43632594012644,0.066913072005814,0.0465010132466402,8835.19251686164
11000,4750,4.44483526637474,0.0673456405427358,0.0465088551821135,8836.68248460156
12000,4750,4.45394934252861,0.0677624750893495,0.0465230554441925,8839.38053439657
13000,4750,4.46366986532047,0.0681639322915052,0.0465432922080354,8843.22551952673
14000,4750,4.47399816207669,0.0685503611860141,0.0465662037189316,8847.57870659699
15000,4750,4.48493519605966,0.0689221033621892,0.0465917382945904,8852.43027597217
16000,4750,4.49648157276786,0.0692794931199494,0.0466226880935356,8858.31073777176
17000,4750,4.50863754681388,0.0696228576245635,0.0466602163281533,8865.44110234914
18000,4750,4.52140302909627,0.0699525170581045,0.0467002000765158,8873.03801453799
19000,4750,4.53477759409116,0.0702687847676833,0.0467425874785728,8881.09162092883
20000,4750,4.54876048719111,0.0705719674105295,0.0467897077490015,8890.04447231028
21000,4750,4.56335063209881,0.0708623650959879,0.0468436536032678,8900.29418462087
22000,4750,4.57854663833886,0.071140271524494,0.0468998360565948,8910.968850753
23000,4750,4.59434680898218,0.0714068335479321,0.0469582061678151,8922.05917188487
24000,4750,4.61074914868674,0.0716642287073976,0.0470207611754881,8933.94462334273
25000,4750,4.62775137215091,0.0719100510894046,0.0470902445764489,8947.1464695253
10000,5000,4.61719614797482,0.0663517677309784,0.0481846972970542,9155.09248644031
11000,5000,4.62521048431437,0.0667500329081019,0.0481978533602296,9157.59213844362
12000,5000,4.63378530595045,0.0671361845858464,0.0482135890684418,9160.58192300395
13000,5000,4.64292211596618,0.0675081830887079,0.0482318572324663,9164.0528741686
14000,5000,4.65262211257851,0.0678663426302184,0.0482578218599054,9168.98615338202
15000,5000,4.66288619280049,0.0682109708844231,0.0482876396930656,9174.65154168246
16000,5000,4.67371495691436,0.0685423691211136,0.0483198408499168,9180.7697614842
17000,5000,4.68510871350192,0.068860832338262,0.0483543783848378,9187.33189311918
18000,5000,4.69706748482297,0.0691666493917128,0.0483936266606841,9194.78906552999
19000,5000,4.70959101239502,0.0694601031221912,0.0484393359876678,9203.47383765688
20000,5000,4.72267876269189,0.0697414704796814,0.0484872290191306,9212.57351363482
21000,5000,4.73632993293407,0.0700110226452299,0.0485372598010067,9222.07936219127
22000,5000,4.75054345698471,0.0702690251502269,0.0485893831218289,9231.98279314749
23000,5000,4.76531801139213,0.0705157379932165,0.0486500058474219,9243.50111101017
24000,5000,4.78065202163243,0.0707542062075023,0.0487127955445359,9255.43115346182
25000,5000,4.79654366860666,0.0709827510622935,0.0487775298195231,9267.73066570939
